peptide,sequence,length,total_contacts,norm_density,hbonds,hydrophobic,salt_bridges,mw,pi,instab,gravy,charge,bbb_total,is_control
P5_Scrambled_1,RKGGSRFTTLRWGFGYEFNNGRKG,24,0,0.0,0,0,0,2792.0769000000014,11.567578315734863,30.30416666666667,-1.2874999999999999,5.0,3,True
P5_Scrambled_2,RGFTKGFLNGYGTGRRREFKNGSW,24,0,0.0,0,0,0,2792.0769000000005,11.567578315734863,17.304166666666667,-1.2874999999999999,5.0,3,True
P5_Scrambled_3,LRRFFYWFGGTEKSTKNRGGNRGG,24,0,0.0,0,0,0,2792.076900000001,11.567578315734863,60.03791666666666,-1.2874999999999999,5.0,2,True
P5_Scrambled_4,GGKGGENTWGGRFTFRLNYRFSKR,24,0,0.0,0,0,0,2792.076900000001,11.567578315734863,12.350000000000001,-1.2874999999999999,5.0,3,True
P5_Scrambled_5,GYGFGNREKTRGKFFGWGLRNRST,24,0,0.0,0,0,0,2792.0769,11.567578315734863,24.191666666666666,-1.2874999999999994,5.0,3,True
